updateNumber,managerID,hotelID,roomNumber,updatedOn
1,25,1,1,2016-09-10 13:01:00
2,20,2,2,2016-09-10 13:01:00
3,10,3,3,2016-09-10 13:02:00
4,20,4,4,2016-09-10 13:02:00
5,40,5,5,2016-09-10 13:02:00
6,51,6,6,2016-09-10 13:03:00
7,10,7,7,2016-09-10 13:04:00
8,51,8,8,2016-09-10 13:05:00
9,87,9,9,2016-09-10 13:07:00
10,51,10,10,2016-09-10 13:08:00
11,87,11,1,2016-09-10 13:09:00
12,10,12,2,2016-09-10 13:10:00
13,10,13,3,2016-09-10 13:11:00
14,40,14,4,2016-09-10 13:11:00
15,40,15,5,2016-09-10 13:12:00
16,40,16,6,2016-09-10 13:12:00
17,20,17,7,2016-09-10 13:13:00
18,51,18,8,2016-09-10 13:13:00
19,25,19,9,2016-09-10 13:14:00
20,25,20,10,2016-09-10 13:14:00
21,51,10,1,2016-09-10 13:15:00
22,87,11,2,2016-09-10 13:17:00
23,10,12,3,2016-09-10 13:18:00
24,10,13,4,2016-09-10 13:19:00
25,40,14,5,2016-09-10 13:20:00
26,40,15,6,2016-09-10 13:21:00
27,40,16,7,2016-09-10 13:24:00
28,20,17,8,2016-09-10 13:28:00
29,51,18,9,2016-09-10 13:28:00
30,25,19,10,2016-09-10 13:29:00
31,25,20,1,2016-09-10 13:31:00
32,51,10,2,2016-09-10 13:32:00
33,87,11,3,2016-09-10 13:33:00
34,10,12,4,2016-09-10 13:33:00
35,10,13,5,2016-09-10 13:34:00
36,40,14,6,2016-09-10 13:35:00
37,40,15,7,2016-09-10 13:36:00
38,40,16,8,2016-09-10 13:36:00
39,20,17,9,2016-09-10 13:39:00
40,51,18,10,2016-09-10 13:39:00
41,25,19,1,2016-09-10 13:41:00
42,25,20,2,2016-09-10 13:42:00
43,51,10,3,2016-09-10 13:43:00
44,87,11,4,2016-09-10 13:43:00
45,10,12,5,2016-09-10 13:44:00
46,10,13,6,2016-09-10 13:45:00
47,40,14,7,2016-09-10 13:45:00
48,40,15,8,2016-09-10 13:45:00
49,40,16,9,2016-09-10 13:47:00
50,20,17,10,2016-09-10 13:48:00